{"cameraMode":{"drawMode":0,"name":"Shaded","section":"Shading Mode"},"sceneLighting":false,"audioPlay":false,"sceneViewState":{"m_AlwaysRefresh":false,"showFog":true,"showSkybox":false,"showFlares":true,"showImageEffects":true,"showParticleSystems":true,"showVisualEffectGraphs":true,"m_FxEnabled":true},"in2DMode":false,"pivot":{"x":0.039999961853027347,"y":3.2139997482299806,"z":-1.678999900817871},"rotation":{"x":-0.16490745544433595,"y":0.22057779133319856,"z":-0.037212684750556949,"w":-0.9609506726264954},"size":12.12435531616211,"orthographic":false}