{"cameraMode":{"drawMode":0,"name":"Shaded","section":"Shading Mode"},"sceneLighting":false,"audioPlay":false,"sceneViewState":{"m_AlwaysRefresh":false,"showFog":true,"showSkybox":false,"showFlares":true,"showImageEffects":true,"showParticleSystems":true,"showVisualEffectGraphs":true,"m_FxEnabled":true},"in2DMode":false,"pivot":{"x":-0.7887061834335327,"y":1.0446405410766602,"z":-0.8839235305786133},"rotation":{"x":-0.24311485886573792,"y":0.6572372913360596,"z":-0.23763011395931245,"w":-0.6729089021682739},"size":1.2198553085327149,"orthographic":false}