{"cameraMode":{"drawMode":0,"name":"Shaded","section":"Shading Mode"},"sceneLighting":true,"audioPlay":false,"sceneViewState":{"m_AlwaysRefresh":false,"showFog":true,"showSkybox":true,"showFlares":true,"showImageEffects":true,"showParticleSystems":true,"showVisualEffectGraphs":true,"m_FxEnabled":true},"in2DMode":false,"pivot":{"x":5.9620466232299809,"y":0.7655601501464844,"z":7.8895158767700199},"rotation":{"x":0.11489871889352799,"y":0.4503064751625061,"z":-0.05855496600270271,"w":0.8835917115211487},"size":9.597145080566407,"orthographic":false}