{"cameraMode":{"drawMode":0,"name":"Shaded","section":"Shading Mode"},"sceneLighting":true,"audioPlay":false,"sceneViewState":{"m_AlwaysRefresh":false,"showFog":true,"showSkybox":true,"showFlares":true,"showImageEffects":true,"showParticleSystems":true,"showVisualEffectGraphs":true,"m_FxEnabled":true},"in2DMode":false,"pivot":{"x":-2.887826442718506,"y":3.5903425216674806,"z":0.6503009796142578},"rotation":{"x":0.18044348061084748,"y":0.22245417535305024,"z":-0.04195350036025047,"w":0.9572966694831848},"size":6.826737880706787,"orthographic":false}